time,open,high,low,close,"Pattern Alert",Volume
1562092200,107.854,107.87,107.851,107.855,0,0
1562092500,107.855,107.874,107.852,107.871,0,0
1562092800,107.871,107.888,107.868,107.871,0,0
1562093100,107.871,107.873,107.865,107.87,0,0
1562093400,107.87,107.871,107.858,107.859,0,0
1562093700,107.859,107.862,107.803,107.828,0,0
1562094000,107.828,107.862,107.828,107.838,0,0
1562094300,107.838,107.838,107.796,107.824,0,0
1562094600,107.824,107.866,107.807,107.816,0,0
1562094900,107.816,107.847,107.816,107.846,0,0
1562095200,107.846,107.863,107.843,107.86,0,0
1562095500,107.86,107.875,107.859,107.87,0,0
1562095800,107.87,107.892,107.87,107.884,0,0
1562096100,107.884,107.89,107.871,107.873,0,0
1562096400,107.873,107.883,107.86,107.861,0,0
1562096700,107.861,107.878,107.859,107.868,0,0
1562097000,107.868,107.892,107.868,107.891,0,0
1562097300,107.891,107.9,107.878,107.891,0,0
1562097600,107.891,107.892,107.878,107.882,0,0
1562097900,107.882,107.9,107.881,107.899,0,0
1562098200,107.899,107.909,107.898,107.906,0,0
1562098500,107.906,107.908,107.9,107.908,0,0
1562098800,107.908,107.916,107.901,107.903,0,0
1562099100,107.903,107.905,107.895,107.9,0,0
1562099400,107.9,107.9,107.892,107.894,0,0
1562099700,107.894,107.904,107.883,107.898,0,0
1562100000,107.898,107.899,107.892,107.897,0,0
1562100300,107.897,107.899,107.892,107.897,0,0
1562100600,107.897,107.916,107.897,107.909,0,0
1562100900,107.909,107.917,107.868,107.876,0,0
1562101200,107.876,107.881,107.866,107.881,0,0
1562101500,107.881,107.892,107.878,107.89,0,0
1562101800,107.89,107.9,107.889,107.899,0,0
1562102100,107.899,107.902,107.885,107.885,0,0
1562102400,107.885,107.9,107.885,107.899,0,0
1562102700,107.899,107.902,107.898,107.899,0,0
1562103000,107.899,107.902,107.863,107.901,0,0
1562103300,107.901,107.901,107.876,107.883,0,0
1562103600,107.883,107.887,107.878,107.88,0,0
1562103900,107.88,107.889,107.869,107.882,0,0
1562104200,107.882,107.892,107.872,107.881,0,0
1562104500,107.881,107.895,107.878,107.894,0,0
1562104800,107.894,107.895,107.842,107.843,0,0
1562105100,107.843,107.871,107.843,107.86,0,0
1562105400,107.86,107.86,107.842,107.842,0,0
1562105700,107.842,107.853,107.831,107.85,0,0
1562106000,107.85,107.857,107.834,107.835,0,0
1562106300,107.835,107.845,107.829,107.834,0,0
1562106600,107.834,107.839,107.825,107.826,0,0
1562106900,107.826,107.836,107.816,107.831,0,0
1562107200,107.831,107.833,107.822,107.833,0,0
1562107500,107.833,107.85,107.833,107.85,0,0
1562107800,107.85,107.868,107.847,107.852,0,0
1562108100,107.852,107.859,107.849,107.849,0,0
1562108400,107.849,107.866,107.84,107.856,0,0
1562108700,107.856,107.868,107.844,107.846,0,0
1562109000,107.846,107.864,107.845,107.856,0,0
1562109300,107.856,107.857,107.834,107.852,0,0
1562109600,107.852,107.875,107.852,107.875,0,0
1562109900,107.875,107.896,107.875,107.888,0,0
1562110200,107.888,107.892,107.88,107.883,0,0
1562110500,107.883,107.886,107.855,107.864,0,0
1562110800,107.864,107.864,107.841,107.846,0,0
1562111100,107.846,107.846,107.814,107.818,0,0
1562111400,107.818,107.833,107.796,107.81,0,0
1562111700,107.81,107.832,107.798,107.83,0,0
1562112000,107.83,107.832,107.764,107.768,0,0
1562112300,107.768,107.781,107.751,107.776,0,0
1562112600,107.776,107.803,107.766,107.769,0,0
1562112900,107.769,107.769,107.715,107.715,0,0
1562113200,107.715,107.728,107.691,107.693,0,0
1562113500,107.693,107.723,107.693,107.716,0,0
1562113800,107.716,107.744,107.708,107.742,0,0
1562114100,107.742,107.756,107.725,107.749,0,0
1562114400,107.749,107.758,107.741,107.749,0,0
1562114700,107.749,107.749,107.725,107.741,0,0
1562115000,107.741,107.743,107.675,107.679,0,0
1562115300,107.679,107.68,107.617,107.625,0,0
1562115600,107.625,107.636,107.577,107.618,0,0
1562115900,107.618,107.638,107.618,107.631,0,0
1562116200,107.631,107.641,107.584,107.59,0,0
1562116500,107.59,107.603,107.588,107.589,0,0
1562116800,107.589,107.589,107.54,107.541,0,0
1562117100,107.541,107.57,107.537,107.564,0,0
1562117400,107.564,107.567,107.532,107.541,0,0
1562117700,107.541,107.58,107.541,107.568,0,0
1562118000,107.568,107.58,107.554,107.572,0,0
1562118300,107.572,107.594,107.546,107.585,0,0
1562118600,107.585,107.592,107.554,107.579,0,0
1562118900,107.579,107.627,107.579,107.59,0,0
1562119200,107.59,107.619,107.579,107.606,0,0
1562119500,107.606,107.634,107.606,107.619,0,0
1562119800,107.619,107.62,107.594,107.604,0,0
1562120100,107.604,107.626,107.594,107.623,0,0
1562120400,107.623,107.631,107.609,107.611,0,0
1562120700,107.611,107.611,107.573,107.591,0,0
1562121000,107.591,107.604,107.578,107.587,0,0
1562121300,107.587,107.588,107.574,107.581,0,0
1562121600,107.581,107.581,107.551,107.552,0,0
1562121900,107.552,107.583,107.541,107.578,0,0
1562122200,107.578,107.583,107.566,107.573,0,0
1562122500,107.573,107.577,107.559,107.577,0,0
1562122800,107.577,107.588,107.574,107.587,0,0
1562123100,107.587,107.612,107.587,107.612,0,0
1562123400,107.612,107.616,107.595,107.595,0,0
1562123700,107.595,107.619,107.59,107.619,0,0
1562124000,107.619,107.62,107.591,107.596,0,0
1562124300,107.596,107.604,107.588,107.599,0,0
1562124600,107.599,107.62,107.597,107.617,0,0
1562124900,107.617,107.62,107.607,107.619,0,0
1562125200,107.619,107.629,107.611,107.623,0,0
1562125500,107.623,107.628,107.608,107.621,0,0
1562125800,107.621,107.628,107.62,107.626,0,0
1562126100,107.626,107.629,107.621,107.625,0,0
1562126400,107.625,107.627,107.603,107.615,0,0
1562126700,107.615,107.633,107.61,107.623,0,0
1562127000,107.623,107.631,107.594,107.597,0,0
1562127300,107.597,107.602,107.585,107.587,0,0
1562127600,107.587,107.59,107.577,107.588,0,0
1562127900,107.588,107.624,107.576,107.611,0,0
1562128200,107.611,107.618,107.58,107.607,0,0
1562128500,107.607,107.612,107.602,107.611,0,0
1562128800,107.611,107.618,107.602,107.614,0,0
1562129100,107.614,107.627,107.612,107.621,0,0
1562129400,107.621,107.637,107.621,107.634,0,0
1562129700,107.634,107.635,107.613,107.626,0,0
1562130000,107.626,107.63,107.616,107.619,0,0
1562130300,107.619,107.622,107.608,107.614,0,0
1562130600,107.614,107.639,107.611,107.634,0,0
1562130900,107.634,107.64,107.625,107.63,0,0
1562131200,107.63,107.649,107.628,107.646,0,0
1562131500,107.646,107.652,107.639,107.652,0,0
1562131800,107.652,107.679,107.642,107.677,0,0
1562132100,107.677,107.687,107.67,107.684,0,0
1562132400,107.684,107.7,107.679,107.691,0,0
1562132700,107.691,107.691,107.664,107.664,0,0
1562133000,107.664,107.684,107.659,107.679,0,0
1562133300,107.679,107.695,107.666,107.687,0,0
1562133600,107.687,107.69,107.642,107.647,0,0
1562133900,107.647,107.651,107.625,107.644,0,0
1562134200,107.644,107.662,107.633,107.662,0,0
1562134500,107.662,107.662,107.633,107.636,0,0
1562134800,107.636,107.637,107.601,107.601,0,0
1562135100,107.601,107.61,107.591,107.609,0,0
1562135400,107.609,107.633,107.599,107.602,0,0
1562135700,107.602,107.616,107.586,107.61,0,0
1562136000,107.61,107.619,107.599,107.619,0,0
1562136300,107.619,107.629,107.606,107.61,0,0
1562136600,107.61,107.643,107.601,107.638,0,0
1562136900,107.638,107.643,107.62,107.621,0,0
1562137200,107.621,107.641,107.606,107.639,0,0
1562137500,107.639,107.649,107.609,107.609,0,0
1562137800,107.609,107.657,107.608,107.654,0,0
1562138100,107.654,107.672,107.651,107.653,0,0
1562138400,107.653,107.657,107.641,107.654,0,0
1562138700,107.654,107.688,107.651,107.679,0,0
1562139000,107.679,107.697,107.675,107.691,0,0
1562139300,107.691,107.692,107.669,107.677,0,0
1562139600,107.677,107.687,107.66,107.684,0,0
1562139900,107.684,107.744,107.684,107.736,0,0
1562140200,107.736,107.742,107.718,107.722,0,0
1562140500,107.722,107.744,107.717,107.742,0,0
1562140800,107.742,107.762,107.73,107.747,0,0
1562141100,107.747,107.75,107.726,107.727,0,0
1562141400,107.727,107.742,107.714,107.736,0,0
1562141700,107.736,107.742,107.712,107.712,0,0
1562142000,107.712,107.725,107.71,107.724,0,0
1562142300,107.724,107.733,107.709,107.727,0,0
1562142600,107.727,107.727,107.703,107.708,0,0
1562142900,107.708,107.729,107.699,107.721,0,0
1562143200,107.721,107.737,107.698,107.721,0,0
1562143500,107.721,107.723,107.692,107.694,0,0
1562143800,107.694,107.714,107.688,107.714,0,0
1562144100,107.714,107.722,107.686,107.686,0,0
1562144400,107.686,107.736,107.684,107.732,0,0
1562144700,107.732,107.732,107.704,107.705,0,0
1562145000,107.705,107.722,107.696,107.719,0,0
1562145300,107.719,107.719,107.685,107.688,0,0
1562145600,107.688,107.696,107.667,107.67,0,0
1562145900,107.67,107.683,107.669,107.678,0,0
1562146200,107.678,107.693,107.676,107.687,0,0
1562146500,107.687,107.687,107.671,107.673,0,0
1562146800,107.673,107.689,107.673,107.686,0,0
1562147100,107.686,107.689,107.668,107.675,0,0
1562147400,107.675,107.693,107.668,107.687,0,0
1562147700,107.687,107.726,107.684,107.726,0,0
1562148000,107.726,107.728,107.708,107.723,0,0
1562148300,107.723,107.723,107.701,107.703,0,0
1562148600,107.703,107.711,107.7,107.702,0,0
1562148900,107.702,107.705,107.691,107.694,0,0
1562149200,107.694,107.694,107.669,107.688,0,0
1562149500,107.688,107.692,107.668,107.691,0,0
1562149800,107.691,107.691,107.673,107.686,-1,0
1562150100,107.686,107.686,107.664,107.664,0,0
1562150400,107.664,107.672,107.649,107.649,0,0
1562150700,107.649,107.658,107.642,107.647,0,0
1562151000,107.647,107.652,107.633,107.641,0,0
1562151300,107.641,107.645,107.621,107.628,0,0
1562151600,107.628,107.661,107.628,107.653,0,0
1562151900,107.653,107.676,107.653,107.676,0,0
1562152200,107.676,107.68,107.659,107.67,0,0
1562152500,107.67,107.686,107.669,107.678,0,0
1562152800,107.678,107.682,107.66,107.663,0,0
1562153100,107.663,107.665,107.648,107.661,0,0
1562153400,107.661,107.662,107.638,107.639,0,0
1562153700,107.639,107.668,107.635,107.653,0,0
1562154000,107.653,107.672,107.65,107.672,0,0
1562154300,107.672,107.673,107.654,107.669,0,0
1562154600,107.669,107.673,107.66,107.663,0,0
1562154900,107.663,107.674,107.659,107.666,0,0
1562155200,107.666,107.714,107.659,107.712,0,0
1562155500,107.712,107.734,107.709,107.714,0,0
1562155800,107.714,107.721,107.693,107.706,0,0
1562156100,107.706,107.708,107.592,107.654,0,0
1562156400,107.654,107.7,107.654,107.692,0,0
1562156700,107.692,107.701,107.668,107.689,0,0
1562157000,107.689,107.744,107.686,107.723,0,0
1562157300,107.723,107.747,107.72,107.73,0,0
1562157600,107.73,107.749,107.715,107.729,0,0
1562157900,107.729,107.753,107.725,107.736,0,0
1562158200,107.736,107.756,107.727,107.749,0,0
1562158500,107.749,107.765,107.746,107.761,0,0
1562158800,107.761,107.799,107.755,107.798,0,0
1562159100,107.798,107.802,107.769,107.791,0,0
1562159400,107.791,107.794,107.758,107.766,0,0
1562159700,107.766,107.793,107.756,107.783,0,0
1562160000,107.783,107.801,107.782,107.79,0,0
1562160300,107.79,107.79,107.768,107.779,0,0
1562160600,107.779,107.791,107.759,107.765,0,0
1562160900,107.765,107.781,107.745,107.753,0,0
1562161200,107.753,107.756,107.731,107.738,0,0
1562161500,107.738,107.792,107.738,107.779,0,0
1562161800,107.779,107.781,107.736,107.761,0,0
1562162100,107.761,107.773,107.743,107.745,0,0
1562162400,107.745,107.745,107.699,107.702,0,0
1562162700,107.702,107.711,107.682,107.687,0,0
1562163000,107.687,107.694,107.677,107.689,0,0
1562163300,107.689,107.725,107.689,107.702,0,0
1562163600,107.702,107.727,107.646,107.659,0,0
1562163900,107.659,107.707,107.659,107.707,0,0
1562164200,107.707,107.723,107.684,107.7,0,0
1562164500,107.7,107.733,107.699,107.733,0,0
1562164800,107.733,107.742,107.708,107.714,0,0
1562165100,107.714,107.726,107.693,107.715,0,0
1562165400,107.715,107.729,107.7,107.72,0,0
1562165700,107.72,107.778,107.72,107.776,0,0
1562166000,107.776,107.776,107.752,107.761,0,0
1562166300,107.761,107.762,107.745,107.747,0,0
1562166600,107.747,107.778,107.747,107.771,0,0
1562166900,107.771,107.813,107.767,107.8,0,0
1562167200,107.8,107.808,107.789,107.793,0,0
1562167500,107.793,107.794,107.772,107.785,0,0
1562167800,107.785,107.812,107.764,107.811,0,0
1562168100,107.811,107.824,107.8,107.819,0,0
1562168400,107.819,107.855,107.817,107.855,0,0
1562168700,107.855,107.872,107.853,107.855,0,0
1562169000,107.855,107.857,107.823,107.836,0,0
1562169300,107.836,107.84,107.825,107.831,0,0
1562169600,107.831,107.856,107.831,107.841,0,0
1562169900,107.841,107.857,107.833,107.833,0,0
1562170200,107.833,107.859,107.828,107.828,0,0
1562170500,107.828,107.855,107.82,107.838,0,0
1562170800,107.838,107.838,107.807,107.812,0,0
1562171100,107.812,107.827,107.795,107.827,0,0
1562171400,107.827,107.828,107.807,107.812,0,0
1562171700,107.812,107.815,107.804,107.806,0,0
1562172000,107.806,107.814,107.806,107.813,0,0
1562172300,107.813,107.818,107.809,107.809,0,0
1562172600,107.809,107.815,107.808,107.815,0,0
1562172900,107.815,107.837,107.815,107.829,0,0
1562173200,107.829,107.829,107.815,107.815,0,0
1562173500,107.815,107.822,107.815,107.821,0,0
1562173800,107.821,107.827,107.815,107.826,0,0
1562174100,107.826,107.832,107.821,107.821,0,0
1562174400,107.821,107.831,107.821,107.831,0,0
1562174700,107.831,107.832,107.824,107.825,0,0
1562175000,107.825,107.826,107.82,107.822,0,0
1562175300,107.822,107.831,107.82,107.83,0,0
1562175600,107.83,107.853,107.83,107.852,0,0
1562175900,107.852,107.883,107.852,107.878,0,0
1562176200,107.878,107.878,107.865,107.866,0,0
1562176500,107.866,107.866,107.852,107.853,0,0
1562176800,107.853,107.874,107.853,107.857,0,0
1562177100,107.857,107.864,107.854,107.858,0,0
1562177400,107.858,107.86,107.858,107.859,0,0
1562177700,107.859,107.859,107.85,107.851,0,0
1562178000,107.851,107.854,107.85,107.85,0,0
1562178300,107.85,107.852,107.84,107.84,0,0
